{
  "overall_stats": {
    "total_tests": 49,
    "successful_tests": 49,
    "failed_tests": 0,
    "overall_success_rate": 100.0,
    "avg_response_time_ms": 72.82660931957011,
    "total_duration_ms": 3568.5038566589355,
    "test_session_id": "cb3e8c0a-32c8-44c7-8467-434ae1883e5f",
    "timestamp": "2025-07-23T10:52:39.063284"
  },
  "tool_statistics": {
    "count_r": {
      "total_calls": 15,
      "successful_calls": 15,
      "failed_calls": 0,
      "success_rate": 100.0,
      "avg_response_time_ms": 2.7152697245279946,
      "min_response_time_ms": 0.9660720825195312,
      "max_response_time_ms": 3.638029098510742,
      "median_response_time_ms": 2.737760543823242,
      "std_deviation_ms": 0.6684981259077711,
      "errors": []
    },
    "get_desktop_path": {
      "total_calls": 8,
      "successful_calls": 8,
      "failed_calls": 0,
      "success_rate": 100.0,
      "avg_response_time_ms": 3.2509565353393555,
      "min_response_time_ms": 2.7887821197509766,
      "max_response_time_ms": 3.648042678833008,
      "median_response_time_ms": 3.272533416748047,
      "std_deviation_ms": 0.32630820683364153,
      "errors": []
    },
    "list_desktop_contents": {
      "total_calls": 8,
      "successful_calls": 8,
      "failed_calls": 0,
      "success_rate": 100.0,
      "avg_response_time_ms": 3.1055808067321777,
      "min_response_time_ms": 2.0668506622314453,
      "max_response_time_ms": 4.136085510253906,
      "median_response_time_ms": 3.2815933227539062,
      "std_deviation_ms": 0.6716142585394113,
      "errors": []
    },
    "open_gmail": {
      "total_calls": 5,
      "successful_calls": 5,
      "failed_calls": 0,
      "success_rate": 100.0,
      "avg_response_time_ms": 206.6730499267578,
      "min_response_time_ms": 104.43305969238281,
      "max_response_time_ms": 358.08491706848145,
      "median_response_time_ms": 186.967134475708,
      "std_deviation_ms": 111.03845988217496,
      "errors": []
    },
    "open_gmail_compose": {
      "total_calls": 5,
      "successful_calls": 5,
      "failed_calls": 0,
      "success_rate": 100.0,
      "avg_response_time_ms": 412.1577262878418,
      "min_response_time_ms": 157.10067749023438,
      "max_response_time_ms": 546.3809967041016,
      "median_response_time_ms": 420.83287239074707,
      "std_deviation_ms": 154.44999654742014,
      "errors": []
    },
    "sendmail_simple": {
      "total_calls": 4,
      "successful_calls": 4,
      "failed_calls": 0,
      "success_rate": 100.0,
      "avg_response_time_ms": 34.177184104919434,
      "min_response_time_ms": 16.69001579284668,
      "max_response_time_ms": 81.95686340332031,
      "median_response_time_ms": 19.03092861175537,
      "std_deviation_ms": 31.875555238677347,
      "errors": []
    },
    "sendmail": {
      "total_calls": 4,
      "successful_calls": 4,
      "failed_calls": 0,
      "success_rate": 100.0,
      "avg_response_time_ms": 61.514973640441895,
      "min_response_time_ms": 22.471904754638672,
      "max_response_time_ms": 141.08991622924805,
      "median_response_time_ms": 41.24903678894043,
      "std_deviation_ms": 54.20446841058349,
      "errors": []
    }
  },
  "available_tools": [
    "count_r",
    "list_desktop_contents",
    "get_desktop_path",
    "open_gmail",
    "open_gmail_compose",
    "sendmail",
    "sendmail_simple"
  ],
  "detailed_results": [
    {
      "tool_name": "count_r",
      "success": true,
      "response_time_ms": 0.9660720825195312,
      "timestamp": "2025-07-23T10:52:27.034458",
      "error": null
    },
    {
      "tool_name": "count_r",
      "success": true,
      "response_time_ms": 2.37274169921875,
      "timestamp": "2025-07-23T10:52:27.136572",
      "error": null
    },
    {
      "tool_name": "count_r",
      "success": true,
      "response_time_ms": 2.3202896118164062,
      "timestamp": "2025-07-23T10:52:27.240147",
      "error": null
    },
    {
      "tool_name": "count_r",
      "success": true,
      "response_time_ms": 2.8228759765625,
      "timestamp": "2025-07-23T10:52:27.342770",
      "error": null
    },
    {
      "tool_name": "count_r",
      "success": true,
      "response_time_ms": 2.3810863494873047,
      "timestamp": "2025-07-23T10:52:27.446776",
      "error": null
    },
    {
      "tool_name": "count_r",
      "success": true,
      "response_time_ms": 2.737760543823242,
      "timestamp": "2025-07-23T10:52:27.550304",
      "error": null
    },
    {
      "tool_name": "count_r",
      "success": true,
      "response_time_ms": 3.638029098510742,
      "timestamp": "2025-07-23T10:52:27.653325",
      "error": null
    },
    {
      "tool_name": "count_r",
      "success": true,
      "response_time_ms": 3.400087356567383,
      "timestamp": "2025-07-23T10:52:27.758216",
      "error": null
    },
    {
      "tool_name": "count_r",
      "success": true,
      "response_time_ms": 3.3109188079833984,
      "timestamp": "2025-07-23T10:52:27.862119",
      "error": null
    },
    {
      "tool_name": "count_r",
      "success": true,
      "response_time_ms": 2.5169849395751953,
      "timestamp": "2025-07-23T10:52:27.966620",
      "error": null
    },
    {
      "tool_name": "count_r",
      "success": true,
      "response_time_ms": 3.0961036682128906,
      "timestamp": "2025-07-23T10:52:28.070337",
      "error": null
    },
    {
      "tool_name": "count_r",
      "success": true,
      "response_time_ms": 2.935171127319336,
      "timestamp": "2025-07-23T10:52:28.174628",
      "error": null
    },
    {
      "tool_name": "count_r",
      "success": true,
      "response_time_ms": 2.541780471801758,
      "timestamp": "2025-07-23T10:52:28.278770",
      "error": null
    },
    {
      "tool_name": "count_r",
      "success": true,
      "response_time_ms": 2.201080322265625,
      "timestamp": "2025-07-23T10:52:28.382504",
      "error": null
    },
    {
      "tool_name": "count_r",
      "success": true,
      "response_time_ms": 3.4880638122558594,
      "timestamp": "2025-07-23T10:52:28.485892",
      "error": null
    },
    {
      "tool_name": "get_desktop_path",
      "success": true,
      "response_time_ms": 2.8390884399414062,
      "timestamp": "2025-07-23T10:52:28.590154",
      "error": null
    },
    {
      "tool_name": "get_desktop_path",
      "success": true,
      "response_time_ms": 3.648042678833008,
      "timestamp": "2025-07-23T10:52:28.694232",
      "error": null
    },
    {
      "tool_name": "get_desktop_path",
      "success": true,
      "response_time_ms": 2.7887821197509766,
      "timestamp": "2025-07-23T10:52:28.799192",
      "error": null
    },
    {
      "tool_name": "get_desktop_path",
      "success": true,
      "response_time_ms": 3.4062862396240234,
      "timestamp": "2025-07-23T10:52:28.903309",
      "error": null
    },
    {
      "tool_name": "get_desktop_path",
      "success": true,
      "response_time_ms": 3.186941146850586,
      "timestamp": "2025-07-23T10:52:29.008002",
      "error": null
    },
    {
      "tool_name": "get_desktop_path",
      "success": true,
      "response_time_ms": 3.6411285400390625,
      "timestamp": "2025-07-23T10:52:29.112440",
      "error": null
    },
    {
      "tool_name": "get_desktop_path",
      "success": true,
      "response_time_ms": 3.1392574310302734,
      "timestamp": "2025-07-23T10:52:29.217282",
      "error": null
    },
    {
      "tool_name": "get_desktop_path",
      "success": true,
      "response_time_ms": 3.358125686645508,
      "timestamp": "2025-07-23T10:52:29.321280",
      "error": null
    },
    {
      "tool_name": "list_desktop_contents",
      "success": true,
      "response_time_ms": 3.275156021118164,
      "timestamp": "2025-07-23T10:52:29.425833",
      "error": null
    },
    {
      "tool_name": "list_desktop_contents",
      "success": true,
      "response_time_ms": 3.471851348876953,
      "timestamp": "2025-07-23T10:52:29.530351",